Ludvika scoutkår;Tre Krokars gata 13, Ludvika;18.2;60.139;15.184
Högbergskyrkans unga;Södra Järnvägsgatan 29, Ludvika;18.8;60.146;15.192
Fagersta-Stålringen scoutkår;;26.6;59.989;15.804
Fagersta scoutkår;Kyrkvägen, Fagersta;26.7;59.992;15.806
Norberg scoutkår;Hedemoravägen 22, Norberg;34.8;60.076;15.93
Hagaberg scoutkår;;43.5;59.604;15.235
Vikmanshyttans scoutkår;Tallgatan 12b, Vikmanshyttan;43.6;60.296;15.822
Kristinakyrkans Barn och Ungdom;Kristinavägen 32, Lindesberg;44.7;59.594;15.226
Säter scoutkår;Barbrogatan 2, Säter;45.9;60.345;15.756
Vasakyrkans Ungdom;Landsgatan 25, Hedemora;48.8;60.28;15.989
Hedemora scoutkår;Stadsberget, Hedemora;49.1;60.293;15.974
Stora Tuna scoutkår;Wallingården, Borlänge;52.0;60.453;15.469
Borlänge EFS scoutkår;;55.0;60.484;15.402
SMU i Nora;Skolgatan 16, Nora;55.2;59.519;15.036
Nora scoutkår;Söderlånggatan 9, Nora;55.4;59.517;15.038
Borlänge Scoutkår;Tansågatan 6, Borlänge;56.5;60.497;15.424
SMU i Frövi;Lövstagatan 4, Frövi;58.9;59.464;15.368
Arkhyttans scoutkår;Arkhyttan, St Skedvi;59.1;60.445;15.882
SMU i Fors;Garpenbergsvägen 7, Fors;59.4;60.207;16.305
Kristen Gemenskaps Ungdom;Anders Frisells väg 1, Mockfjärd;60.3;60.502;14.966
Vika scoutkår;Kolviksvägen 1, Falun;61.8;60.512;15.715
Equmenia Himmeta;Församlingshemmet, Himmeta;63.2;59.49;15.851
Fellingsbro SMU;Körvägen 1, Fellingsbro;64.1;59.433;15.596
Lesjöfors Scoutkår;Stiftelsevägen 1, Lesjöfors;64.4;59.981;14.175
SMU i Köping;Björkvägen 1, Köping;64.9;59.517;15.996
Equmenia Hallstahammar;Rotevägen 4, Hallstahammar;65.2;59.617;16.219
Köpings scoutkår;Östra Långgatan 22, Köping;65.6;59.51;15.997
Gnistan Hallstahammar Scoutkår;Storgatan 12, Hallstahammar;65.6;59.615;16.225
Hallstahammars Scoutkår;Gråstensvägen, Hallstahammar;65.6;59.627;16.246
Equmenia i Möklinta;Hammarby 122, Möklinta;67.9;60.085;16.532
Skultuna scoutkår;Bäckebo, Västanåvägen 3, SKULTUNA;68.2;59.719;16.418
Horndals scoutkår;SCOUTSTUGAN KRÅNGEDE, Horndal;68.9;60.294;16.411
Nybrokyrkans scouter Equmenia Falun;Nybrokyrkan, Promenaden 35, Falun;70.9;60.61;15.633
Järlindens scoutkår;Manhemsvägen 34, Falun;71.2;60.611;15.648
Equmenia Sala Missionskyrka;Norra Esplanaden 12, Sala;71.9;59.922;16.607
Lundhagskyrkans scoutkår;Kårstavägen 31, Örebro;72.1;59.347;15.234
Vasakyrkans ungdom;Vasakyrkan Vasagatan 11, Filipstad;72.1;59.715;14.166
Hovsta scoutkår;Lunds gård, Hovsta, Örebro;72.4;59.344;15.232
Arboga Scoutkår;Racksäter, Arboga;72.7;59.373;15.738
S:t Örjans scoutkår Västerås;Vångsta, Västerås;73.5;59.624;16.415
Hovsta scoutkår;Kyrkvägen 4, Örebro;75.3;59.318;15.227
Centrumkyrkans scoutkår;Prästgatan 6, Kungsör;76.8;59.422;16.096
Örebro västra scoutkår;Eurostophuset, Vivalla, Örebro;77.0;59.304;15.194
SMU i Götlunda;Lunger, Arboga;77.3;59.321;15.676
SMU i Insjön;Faluvägen 27, Insjön;77.7;60.68;15.098
Syrianska scoutkåren i Västerås;Daggrosgatan, Västerås;77.9;59.649;16.538
St:Eliyo;Daggrosgatan 2, Västerås;77.9;59.649;16.538
S:t Eliyo Scoutkår;Emausgatan 45E, Västerås;77.9;59.649;16.538
S:t Olofs scoutkår Västerås;Slånbärsgatan 11, Västerås;78.6;59.636;16.537
Västmanlands distriktskår;;78.7;59.636;16.539
S:t Mikaels scoutkår;S:t Mikaels kyrka, Hjärstav. 33, Örebro;78.7;59.289;15.192
Västerås Ansgarsförsamlingens scoutkår (VASK);Pettersbergsgatan 32, Västerås;78.8;59.617;16.518
Örebro Scoutkår;Varbergagatan 100, Örebro;79.1;59.286;15.179
Hökåsens scoutkår;Larslundsvägen 54, Västerås;80.3;59.656;16.594
SMU i Betlehemskyrkan Örebro;Sturegatan 9, Örebro;80.6;59.27;15.228
Frälsningsarmens scoutkår Örebro;Kungsgatan 24, Örebro;80.9;59.268;15.212
KFUK-KFUM Västerås Scoutkår;Lövudden, Västerås;81.2;59.58;16.52
Malmaberg - Rudbeckius scoutkår;Rotundaskolan, Hemdalsvägen 3, Västerås;81.5;59.616;16.573
Källartorpskyrkans ungdom;Flygfältsvägen 6, Dala-Järna;81.7;60.549;14.367
Engelbrekts scoutkår;Rudbeckiusvägen 9, Örebro;81.8;59.259;15.246
Kvicksunds Scoutkår;Sundbyviksvägen 1, Kvicksund;83.0;59.448;16.335
Equmenia Vintrosa Tomta;Villagatan 24, Vintrosa;83.4;59.264;14.987
Västerås sjöscoutkår;Tegelbruksvägen 4, Västerås;83.7;59.594;16.592
Adolfsbergs scoutkår;Glomman 100, Örebro;84.1;59.241;15.182
Hamre scoutkår;Björnövägen, Västerås;84.8;59.59;16.611
SMU i Leksand;Rättviksvägen 60, Leksand;84.8;60.735;14.992
Leksands SMU;Solvi SMU-gård, Rättviksvägen 60, Leksand;84.9;60.736;14.992
Equmeniascout Karlskoga;Badstugatan 39, Karlskoga;86.7;59.329;14.521
Eskilstuna sjöscoutkår;Skabben, Ängsholmen, Torshälla;88.2;59.454;16.477
Österfärnebo SMU;Betania, Österfärnebo;88.6;60.304;16.795
SMU i Sunnemo;Gräs Sandbäcken, Sunnemo;89.8;59.852;13.747
Siljansnäs SMU;Björkbergsvägen 28, Siljansnäs;90.8;60.774;14.867
SMU i Tärnsjö;Kapellvägen 2 A, Tärnsjö;90.8;60.152;16.928
Hagfors KFUK-KFUM Scoutkår;Dalavägen 1, Hagfors;90.9;60.031;13.701
Torshälla scoutkår;Skeppartorpsvägen 2, Torshälla;90.9;59.425;16.489
Baptistkyrkans Ungdom, Ekeby;Björkavägen 28, Kumla;92.7;59.16;15.273
Lekebergskyrkans ungdom;Kyrkvägen 6, Fjugesta;94.7;59.173;14.879
Eskilstuna Scoutkår;Alva Myrdals gata 3 D, Eskilstuna;96.2;59.369;16.511
S:t Eskilskyrkans Ungdom;Båtsmansgatan 5, Eskilstuna;96.5;59.365;16.51
SMU i Kumla;Sveavägen 12, Kumla;97.1;59.125;15.144
Kumla scoutkår;Magasingatan 10 B, Kumla;97.5;59.122;15.14
SMU i Degerfors;Herrgårdsgatan 4, Degerfors;98.1;59.235;14.441
Husby-Rekarne scoutkår;Vid Skogstorpskolan, Eskilstuna;99.1;59.319;16.477
SMU i Väse;Väse, Backa 513, Väse;99.7;59.464;13.897
Rättviks scoutkår;Järnvägsgatan 6, Rättvik;100.2;60.885;15.119
Näshulta scoutkår;Hagberget, Näshulta;100.2;59.224;16.253
SMU i Ölme;Ölme Lilla Skanum, Kristinehamn;100.9;59.386;13.997
Broängskyrkans unga - en del av equmenia;Kungsgatan 24, Kristinehamn;102.3;59.313;14.106
Pålsboda KFUK-KFUM Scoutkår;Scoutstugan Folkasbo, Pålsboda;102.6;59.071;15.347
Scoutkåren Frälsningsarmén Kristinehamn;Spelmansgatan 23, Kristinehamn;102.7;59.307;14.109
equmenia i Hallsberg;Trädgårdsgatan 8, Hallsberg;103.0;59.067;15.333
SMU i Hedesunda;Missionskyrkan, Skolvägen 6, Hedesunda;103.4;60.394;17.009
equmenia Björneborg ;SMU i Björneborg, Björneborg;103.5;59.24;14.251
equmenia Scout Kilsmo;Björkudden, Kilsmo;103.6;59.068;15.539
Equmenia Scout Hallsberg;Trädgårdsgatan 8, Hallsberg;104.1;59.064;15.113
SMU i Harbo;Ekvägen 5, Harbo;104.5;60.102;17.191
equmenia Enköping;Enöglavägen 41, Enköping;105.0;59.643;17.066
Sandvikens scoutkår;Sätragatan 36, Sandviken;105.1;60.609;16.765
SMU i Östervåla;Åbyvägen 1, Östervåla;105.4;60.181;17.183
SMU i Harbo och Östervåla;Åbyvägen 1, Östervåla;105.4;60.182;17.183
SMU/SBUF i Sandviken;Kanalkyrkan, Odengatan 56, Sandviken;106.1;60.621;16.77
Enköpings scoutkår;Stockholmsvägen 38, Enköping;106.1;59.64;17.086
Ransbergs Scoutkår;Ransbergs Herrgård, Ransäter;108.6;59.775;13.438
Equmenia Ekbackskyrkan;Parkvägen 17, Vingåker;109.9;59.045;15.874
Berga Scoutkår, Vingåker;;110.1;59.043;15.87
ÅloppeScouterna;Nysätra Mosta 1, Örsundsbro;110.4;59.75;17.24
Kjesäters scoutkår;;111.0;59.041;15.914
Kristallkyrkans ungdom;Parkgatan 1, Vretstorp;111.2;59.022;14.866
SMU i Nysund-Rudskoga;Källsbo 3488, Åtorp;111.5;59.118;14.366
SMU i Visnum;Vike Herrbacken, Kristinehamn;111.9;59.202;14.105
KFUK-KFUM Bäckhammar Scoutkår;Älgmyrevägen, Kristinehamn;113.0;59.157;14.193
Skattkärrs Scoutkår;Skogsvallsvägen, Skattkärr;113.2;59.415;13.673
Forshaga Scoutkår;Slottsvägen 2, Forshaga;115.5;59.529;13.489
SMU i Forshaga;Storgatan 42, Forshaga;115.8;59.532;13.481
Strängnäs scoutkår;Scoutvägen 1, Strängnäs;117.1;59.377;17.014
Olivehällkyrkans Ungdom i Strängnäs;Vallbyvägen 35, Strängnäs;117.6;59.369;17.014
Malung-Sälens scoutkår;Alvägen 4, Malung;118.5;60.693;13.715
SMU i Östra Ämtervik;Gunnerud, Gunnebo, Östra Ämtervik;120.2;59.731;13.247
Equmenia Fridhemskyrkan;Kyrkogatan 34, Mora;120.7;61.002;14.536
Karlstad Solglimten Scoutkår;Långtäppan i Rud, Karlstad;121.1;59.409;13.513
Karlstads scoutkår;Skidbacksvägen 2, Karlstad;121.2;59.392;13.532
Sunne KFUK-KFUM Scoutkår;Sunne Församlingshem, Sunne;122.7;59.733;13.199
Equmeniascout Karlstad;Östra Torggatan 18, Karlstad;123.2;59.382;13.504
Grava Scoutkår;Karlsgrundsvägen 7, Karlstad;123.2;59.435;13.436
Valla Sköldinge scoutkår;Häringeskolan, Sturevägen 43, Valla;123.4;59.021;16.377
SMU i Sunne;Långgatan 37, Sunne;123.4;59.841;13.142
Equmenia Skårekyrkan;Ilandavägen 43, Karlstad;123.7;59.432;13.43
Katrineholms scoutkår;Stalls backe, Katrineholm;123.8;58.981;16.233
Gävle södra scoutkår;Vinddraget 13 B, Gävle;124.1;60.652;17.137
Karlstads sjöscoutkår;Tullhusgatan 27, Karlstad;124.1;59.37;13.5
Dömle scoutkår;;124.3;59.376;13.487
Salt Scout Askersund EFS;EFS Kyrkan, Gårdsjögatan 23, Askersund;125.3;58.888;14.903
Mora scoutkår;Näsuddsvägen, Kråkberg;125.4;61.046;14.526
Gävle sjöscouter;Kaplansgatan 6, Gävle;125.6;60.673;17.139
SBUF Ungdomsråd Västra Ämtervik;SBUF Ungdomsråd Västra Ämtervik Värmlands  Ingebygatan 7, VÄSTRA ÄMTERVIK;125.8;59.73;13.145
Maria scoutkår;Gråstensvägen 19 NB, Gävle;126.0;60.692;17.12
Flens Scoutkår av NSF;Storgatan 4, Flen;126.0;59.06;16.59
Equmeniascout i Betlehemskyrkan, Gävle;Waldenströmsplan 1, Gävle;126.1;60.672;17.152
SMU i Askersund;Hospitalgatan 11, Askersund;126.1;58.881;14.904
Sannerudskyrkans Ungdom;Bjurbäcksg. 1, Kil;126.1;59.502;13.306
SMU i Västra Ämtervik;Gamla Landsvägen 11, Västra Ämtervik;126.2;59.731;13.136
SMU i Ockelbo;Missionskyrkan, Norra Åsgatan 26, Ockelbo;126.6;60.897;16.72
Västerstrands scoutkår;Lusthusvägen 7, Karlstad;126.7;59.367;13.45
Borgenkyrkan ung;Borgenkyrkan, Södra Esplanaden 13, Tierp;127.3;60.341;17.512
Equmenia Hammarö;Bärstavägen 1, Hammarö;127.4;59.324;13.494
Karlsro scoutkår;Blodstensvägen 54, Uppsala;128.4;59.837;17.603
Svartbäcken scoutkår;Folkungagatan 23D, Uppsala;128.7;59.875;17.619
SMU i Gamla Uppsala;Regins Väg 1, Uppsala;129.6;59.894;17.638
Testebo scoutkår;Spartallsvägen 107, Gävle;129.6;60.718;17.162
Valsätrakyrkans scoutkår;Bernadottevägen 48, Uppsala;129.8;59.819;17.622
SMU i Frykerud;Arvikavägen 20, Fagerås;129.8;59.518;13.218
Scoutkåren Frälsningsarmén Uppsala;S:t Persgatan 20, Uppsala;130.1;59.861;17.64
Fyrisåns sjöscoutkår;Kantorsgatan 34 (1 tr ner), Uppsala;130.2;59.873;17.645
SMU i Torsby;Tingshusgatan 2, Torsby;130.4;60.134;13.004
Tallin scoutkår;;130.4;59.869;17.648
Fyriskåren;Vårdsätravägen 4, Uppsala;130.5;59.83;17.639
Rudsjö scoutkår;Kastsjöstigen 22, Gävle;130.9;60.676;17.254
Wasakåren;Sjövägen Sunnersta, Uppsala;131.4;59.785;17.639
SMU i Orsa;Frelins Gränd 25, Orsa;131.5;61.119;14.619
Equmenia Storvreta;Norrskensvägen 15, Storvreta;132.3;59.953;17.695
Bålsta FKU;;132.4;59.57;17.531
Håbo scoutkår;Ullevivägen 74, Bålsta;132.4;59.57;17.531
Salabacke scoutkår;Kummingatan 25, Uppsala;132.9;59.863;17.691
Wasakåren, Nåntunastugan;Vävstolsvägen, Uppsala;133.3;59.818;17.684
Ärentuna scoutkår;Skogsvallsvägen 19, Storvreta;133.4;59.955;17.715
SMU i Hille;Missionskyrkan, Fransbovägen 4, Gävle;134.1;60.766;17.189
Wattholma scoutkår;Malmvågsvägen 6, Vattholma;134.4;60.016;17.736
Equmenia Örbyhus;Tegelsmoravägen 29, Örbyhus;134.9;60.231;17.706
Almtuna scoutkår;Vaksala-Åby 68, Uppsala;135.6;59.902;17.748
Sparreholms scoutkår;Gilwellstugan, Sparreholm;135.9;59.044;16.838
Vadsbro-Blacksta scoutkår;Blacksta skola, Flen;137.0;58.957;16.633
Knivsta scoutkår;Lippinge, Knivsta;139.4;59.741;17.766
SMU i Västland;Missionskyrkan, Nöttövägen 3, Karlholmsbruk;140.0;60.519;17.624
Scoutkåren Skeppet;Stora Gatan 28, Sigtuna;141.0;59.617;17.727
Barn och ungdom i Gredelbykyrkan;Tomtebovägen 12, Knivsta;141.4;59.729;17.796
SMU i Gårdskär;Skubbviksvägen 9, Skutskär;141.9;60.61;17.573
Finspång scoutkår;Aspnäs, Finspång;141.9;58.734;15.724
SMU i Grums;Grönbergsgatan 7, Grums;143.8;59.353;13.11
SMU i Östra Värmskog;Krokseruds missionshus, Grums;144.2;59.345;13.111
SMU i Hållnäs-Skärplinge;Skärplinge Missionskyrka, Skärplinge;144.9;60.474;17.758
Equmenia Ung i Finspång;Slottsvägen 13, Finspång;145.2;58.709;15.781
Finspångs Scoutkår NSF;Torstorpsvägen 1D, Finspång;145.9;58.7;15.751
SMU i Brunskog;Kyrksvängen 10, Edane;146.7;59.629;12.815
Märsta scoutkår;Tallstigen 1, Märsta Sigtuna;147.3;59.625;17.85
Tibble sjöscoutkår;Prästhagsvägen 21, Kungsängen Upplands-Bro;148.0;59.478;17.755
Turinge scoutkår;Allévägen 8, Nykvarn;149.0;59.184;17.431
Rosersbergs scoutkår;Åkervägen 19, Rosersberg Sigtuna;150.8;59.579;17.885
Kallhälls scoutkår;Slammertorp Kallhäll, Järfälla;151.6;59.447;17.797
Färingsö Sjöscoutkår;Herman Palms Plan 8, Stenhamra Ekerö;151.9;59.334;17.688
Gnesta scoutkår;Jagbacken, Frustuna, Gnesta;152.6;59.059;17.302
Alunda scoutkår Granen;Församlingshemmet Klockarbacken Prästgårdsv. 18, Alunda;152.8;60.061;18.066
Furuhöjdskyrkans Ungdomsförening;Torpvägen 9A, Alunda;153.2;60.065;18.073
Equmenia-scout Gunnarskog;Årbottens Missionshus, Gunnarskog;153.3;59.799;12.616
Svärtinge scoutkår;Utsiktsvägen 62, Svärtinge;153.5;58.659;16.013
Viksjö scoutkår;Ekollongränd 2, Järfälla;153.6;59.403;17.795
SMU i Skog;Kallbäck, Stråtjära;153.6;61.161;16.814
Upplands Väsby scoutkår;Bryggerivägen 10, Upplands Väsby;153.8;59.526;17.904
Equmenia Jakobsbergskyrkan;Kvarnplan 20, Järfälla;154.4;59.423;17.829
Equmenia Scout Upplands Väsby;Herrgårdsvägen 45, Upplands Väsby;154.7;59.52;17.916
Åby Scoutkår;Konsumvägen 1, Åby;155.1;58.67;16.184
Älvdalens baptisters ungdom;Dalgatan 95, Älvdalen;155.1;61.231;14.036
S:t Tomas scoutkår;Karlbergavägen 3, Södertälje;155.2;59.21;17.602
Jakobsbergs scoutkår;Stubben Säby Gård, Järfälla;155.8;59.426;17.859
Rotebro Scoutkår;Ytterbyvägen 4, Sollentuna;156.0;59.476;17.907
Hässelby scoutkår;Carl Bondes väg 90, Hässelby;156.1;59.381;17.823
Åbylundskyrkan Scout;Krusenhofsvägen 11, Åby;156.1;58.659;16.176
Equmenia Hässelby;Åbroddsvägen 47, Hässelby;156.2;59.377;17.82
Krokek scoutkår FA;Nyköpingsvägen 511, Kolmården;156.5;58.686;16.34
Equmenia ungdom i Missionskyrkan Södertälje;Karlslundsgatan 2, Södertälje;156.5;59.199;17.615
Kvillinge scoutkår;Karlsrovägen 20, Åby;156.6;58.65;16.148
Stigtomta-Nyköping Scoutkår;Oxelvägen 7, Stigtomta;156.8;58.798;16.788
Barkarby-Skälby scoutkår;Brasvägen 3, Järfälla;156.8;59.397;17.851
Scoutkåren Frälsningsarmén Södertälje;Oxbacksgatan 25, Södertälje;156.9;59.197;17.621
Roverscoutkåren Hügglo;;157.0;59.504;17.947
Hässelby strands sjöscoutkår;Hässelby strandväg, Hässelby;157.0;59.363;17.821
Sollentuna Norra;Kistavägen 11, Sollentuna;157.4;59.455;17.915
St Mina scoutkår;Nyköpingsvägen 24, Södertälje;157.5;59.191;17.625
Krokeks Scoutkår;Syrénvägen 35, Kolmården;157.5;58.682;16.37
Bollstanäs scoutkår;Gamla vägen 23, Upplands Väsby;157.5;59.494;17.95
Mariekäll Scoutkår;Linnégatan 5, Södertälje;157.6;59.186;17.62
Krokeks scoutkår;Syrenvägen 35, Kolmården;157.6;58.681;16.371
equmenia Arvika;Skolgatan 22, Arvika;157.7;59.656;12.596
Vinsta Scoutkår;Olof Jönssonsgränd 6, Stockholm;158.1;59.368;17.849
Telge EFS;Grödingevägen 19, Södertälje;158.2;59.19;17.639
Töreboda scoutkår;Krusebackens Scoutstuga, Töreboda;158.7;58.707;14.125
SMU i Töreboda;Storgatan 11, Töreboda;158.8;58.706;14.124
Vällingby scoutkår;Ångermannagatan 187, Vällingby;159.4;59.366;17.872
Norra Järva scoutkår;Husby Gård, Kista;159.9;59.406;17.92
Spånga scoutkår;Tornbacken 11A, Spånga;159.9;59.379;17.896
S:t Eriks Scoutkår;Strandvägen 80, Sollentuna;160.0;59.439;17.953
Mäster Olof-Råcksta, scoutkår;Multrågatan 88, Vällingby;160.3;59.358;17.883
Östra Eneby-Haga scoutkår;Slottet, Mässingsgatan 11, Norrköping;160.5;58.613;16.142
Ekens scoutkår;Scoutlokalen Skolgårda skola, Vagngatan, Motala;160.8;58.555;15.069
Vallentuna Scoutkår av NSF;Galgbacksvägen 4, Vallentuna;160.8;59.544;18.048
Järna scoutkår;Ljungstigen 13, Järna;160.8;59.094;17.554
Vida Scouter;Skolmästaregatan 13, Norrköping;161.0;58.609;16.146
Blackebergs sjöscoutkår;Holbergsgatan 4, Bromma;161.4;59.345;17.89
Team Aktiv Scoutkår;;161.7;59.399;17.95
Bollnäs scoutkår;Hedgatan 37, Bollnäs;161.9;61.352;16.373
Motala scoutkår;Bondebacka, Motala;162.0;58.545;15.046
Träkvista Sjöscoutkår;Bryggavägen 129, Ekerö;162.1;59.281;17.835
Skärblacka scoutkår;Vickelby gamla prästgård, Skärblacka;162.2;58.57;15.937
Mälarscouterna;Tegnebyvägen 16A, Bromma;162.5;59.343;17.911
SMU i Motala;Östermalmsgatan 21, Motala;162.7;58.539;15.047
Sollentuna Södra Scoutkår;Skogstorpsvägen 372, Sollentuna;162.9;59.409;17.981
Equmenia Rönninge;Söderbyvägen 12, Rönninge;162.9;59.198;17.75
KFUM Norrköping Scout;Matteusgården, Norra Promenaden 108 (, Norrköping;163.0;58.594;16.172
SMU på Värmlandsnäs;V:a Uggelsäter, Holmen, Säffle;163.1;59.116;13.016
Täby kyrkby;Jarlabankesbro 5, ;163.3;59.499;18.063
Scoutkåren Frälsningsarmén Norrköping;Vattengatan 5, Norrköping;163.3;58.592;16.18
Lindö scoutkår;Aborreberg, Norrköping;163.4;58.607;16.275
Vallentuna scoutkår;Parkvägen, Vallentuna;163.5;59.535;18.093
Norrköping scoutkår;Kneippen, i parken nära förskolan Hultet, Norrköping;163.8;58.584;16.156
S:t Petrus scoutkår;Hallonbergsplan 10, Sundbyberg;163.8;59.376;17.969
Botkyrka, Syrianska scoutkår;Tomtebergavägen 8, Norsborg;164.1;59.243;17.832
Nockeby scoutkår;Brålunden 4, Bromma;164.2;59.33;17.93
Norra Botkyrka Sjöscoutkår;Slagsta gårdsväg 6, Norsborg;164.2;59.253;17.845
Nyköpings scoutkår;Helgona Söra, Nyköping;164.2;58.788;16.996
Sundbybergs scoutkår;Hamngatan 17B, Sundbyberg;164.6;59.357;17.965
S:ta Maria Ektorp Scoutkår;Ektorpsgatan 58, Norrköping;164.6;58.579;16.172
Vårberg-Skärholmens Scoutkår;Duvholmsgränd 44, Skärholmen;164.8;59.279;17.887
Danderyd-Täby Equmeniascout;Eneby Torg, Enebyberg;164.8;59.433;18.039
4K Center scoutkår;4K Center, Fågelviksvägen 9H, Norsborg;164.8;59.254;17.859
4K Center scoutkår;Fågelviksvägen 9H, Norsborg;164.8;59.254;17.859
Söderledskyrkan EFS scoutkår;Vilbergsgatan 100, Norrköping;165.0;58.574;16.166
Abrahamsbergskyrkans scoutkår;Bävervägen 45, Bromma;165.1;59.334;17.953
Danderyds sjöscoutkår;Enebybergsvägen 1, Danderyd;165.2;59.413;18.03
Hölö Scoutkår;Wij, Hölö;165.3;59.028;17.547
Salt Scout i Nyköping;Sturevägen 5, Nyköping;165.3;58.771;16.982
Vårby Gårds scoutkår;Bäckgårdsvägen 28, Vårby;165.5;59.267;17.888
Linköping Scoutkår;Muggebo, Vreta Kloster;165.5;58.509;15.5
Aladdin Scoutkår;Rotemannavägen 24, Norsborg;165.5;59.24;17.857
Roslags Näsby scoutkår;Stockholmsvägen 128, Täby;165.5;59.441;18.06
Swedish Mekteb Scoutkår;Ungdomens Hus Andra Hemmet, Korsningen Ekholmsvägen/Skärholmsgången, Skärholmen;165.7;59.276;17.903
Solna scoutkår;Parkvägen 1, Solna;165.8;59.362;17.994
Sjöscoutkåren Drakarna;Valhall, Mosskroken 15, Bromma;165.9;59.329;17.963
Centrumkyrkans Ungdom;Bryggerigatan 5, Säffle;165.9;59.133;12.931
Vreta Kloster scoutkår;Sportvägen, Ljungsbro;165.9;58.505;15.502
Centrumkyrkans Ungdom;Bryggerigatan 5, Säffle;166.0;59.133;12.929
Peter Momma, Scoutkåren;Malmsjövägen 2 Uttran, Uttran;166.1;59.189;17.806
Scoutkåren Gustaf Vasa-Bredäng;Bredängsvägen 234 A, Skärholmen;166.3;59.296;17.937
Bergshamra scoutkår;Järvstigen 18, Solna;166.6;59.381;18.028
Solna Sjöscoutkår;Rådjursstigen 15, Solna;166.7;59.383;18.032
Equmeniascout Tumba;Gröndalsvägen 10, Tumba;166.7;59.198;17.831
Equmenia Mariestad;Trädgårdsgatan 14, Mariestad;166.8;58.707;13.822
Scoutkåren Gripen;Ringvägen 26, Vårsta;167.1;59.167;17.797
Mälarhöjdens scoutkår;Gillegatan 15, Hägersten;167.1;59.295;17.951
Mariestads scoutkår;Alhagen, Mariestad;167.1;58.707;13.812
Viggbyholms sjöscoutkår;Djursholmsvägen 16, Täby;167.3;59.426;18.081
Axevalla;;167.3;59.322;17.985
Hjortensbergskyrkans scoutkår;Runebergsgatan 51, Nyköping;167.7;58.762;17.028
Västertorps scoutkår;Vasaloppsvägen 42, Hägersten;167.9;59.295;17.968
Stocksunds scoutkår;Stockbyvägen 12, Stocksund;168.0;59.384;18.057
Näsby Parks Scoutkår;Scoutgården Parkv 42, Täby;168.2;59.426;18.099
Åmotfors scoutkår;Pappersbruksvägen 2, Åmotfors;168.2;59.764;12.358
Djursholms scoutkår;Väringavägen, vid Ranängen, Djursholm;168.3;59.413;18.09
Örnsbergs Scoutkår;Hövdingagatan 22 (Aspuddens IP), Hägersten;168.5;59.307;17.993
S:t Sigfrids scoutkår;Fregattvägen (mittemot 50-52), Stockholm;168.6;59.312;18.0
Segeltorps scoutkår;Kapellvägen 9, Segeltorp;168.6;59.268;17.953
Vårby Gårds scoutkår Glömsta;Lindgårdsvägen 3, Huddinge;168.7;59.237;17.918
S:t Göran, Sjöscoutkåren;Gjörwellsgatan 29, Stockholm;168.9;59.325;18.018
Wallinum Väpnarna;Idungatan 9 (Utomhusverksamheten bedrivs i Kronobergsparken på Kungsholmen), Stockholm;169.1;59.347;18.044
SMU i Fredriksberg;Gamla Ö Gård, Norrköping;169.2;58.537;16.178
Wallinum Väpnarna;Utomshusverksamhet i Kronobergsparken, lokal på Idungatan 9, Stockholm;169.3;59.332;18.033
Älvsjö scoutkår;Herrängsvägen 3, Älvsjö;169.4;59.269;17.969
Ti Partinos scoutkår;Vårgatan 2, Hägersten;169.4;59.303;18.007
S:t Botvids scoutkår;Hålvasterssonsvägen 10, Tullinge;169.5;59.198;17.889
Vagnhärad Scoutkår;Länsmansvägen 3, Vagnhärad;169.6;58.945;17.5
Södermalms scoutkår;Högalidsgatan 33, Stockholm;169.7;59.318;18.028
Karlsborgs scoutkår;Smedjegatan, Karlsborg;170.0;58.525;14.505
Scoutkåren Gustaf Vasa-Bredäng;Rehnsgatan 16, Stockholm;170.1;59.342;18.059
Equmeniascout Älvsjö;Långbrodalsvägen 46, Älvsjö;170.2;59.276;17.994
Adolf Fredriks scoutkår;Saltmätargatan 1, Stockholm;170.3;59.338;18.059
Förbundskåren scoutkår KFUK-KFUMs scoutförbund;Rosengatan 1, Stockholm;170.4;59.339;18.062
SMU i Immanuelskyrkan, Sthlm;Box 6588, Stockholm;170.8;59.332;18.064
Ekebyholms scoutkår KFUK-KFUM;Ekebyholmsvägen 153, Rimbo;170.9;59.772;18.348
Moholm scoutkår;Tibrovägen, Moholm;171.1;58.603;14.048
Hammarbykyrkans scoutkår EFS;VILANDE, ;171.2;59.242;17.976
Bandhagens scoutkår;Glanshammarsgatan 51, Bandhagen;171.5;59.265;18.008
S:ta Maria scoutkår;Bergsgruvan, Fatbursgatan 38, Stockholm;171.5;59.313;18.059
Mäster Olof-Rå. i Gamla Stan;Svartmangatan 6, Stockholm;171.6;59.324;18.071
Stuvsta scoutkår;Mellanskogsvägen 1-3, Huddinge;171.8;59.25;17.997
Frikyrkan Tystbergas Ungdom;Norrhem Lövnäs, Tystberga;171.8;58.828;17.313
Flemingsbergs Scoutkår;Sågstuvägen 5, Huddinge;171.9;59.218;17.963
Hedvig Eleonora scoutkår;Storskärsgatan 4, Stockholm;172.0;59.341;18.095
SMU i Gimo-Östhammar;Svarvaregatan 6, Östhammar;172.0;60.258;18.376
Vikingarna, Scoutkåren;Värtavägen 33, Stockholm;172.1;59.342;18.098
Örby KFUK-KFUM;Kärnbovägen 6, Älvsjö;172.1;59.275;18.03
Stjärnkåren;Stora Moskén, Kapellgränd 10, Stockholm;172.2;59.315;18.074
Årsta scoutkår;Orrfjärdsgränd (Årsta IP), Årsta;172.2;59.3;18.059
Huddinge scoutkår;Vikingavägen 21, Huddinge;172.5;59.24;17.999
Equmenia Lidingö;Odenvägen 3, Lidingö;172.7;59.365;18.132
Vikbolandet Saltscoutkår;EFS Missionshus, Bossgårdsvägen 38, Vikbolandet;172.8;58.572;16.548
SMU i Skärkind;Herseberga, Norsholm;172.8;58.48;16.004
Mäster Olof-Rå. på Södermalm;Blecktornsparken, Stockholm;173.2;59.307;18.086
Gistads scoutkår;Scouttorpet Granbacken c/o Nyström, Olofstorp 1, Linghem;173.3;58.464;15.894
BS Lansen;Betania, Ledberg, Linköping;173.4;58.437;15.452
Söderhamns scoutkår;Oxtorgsgatan 8E, Söderhamn;173.4;61.3;17.045
Södra KFUK-KFUM;Färgargårdstorg 94, Stockholm;173.5;59.308;18.093
Enskede scoutkår;Enskedevägen 115, Enskede;173.8;59.28;18.07
Östhammars sjöscoutkår;Näsudden, Östhammar;173.9;60.301;18.396
Vadstena Frikyrkoförs. Ungdom;Fyllagatan 4, Vätternkyrkan, VADSTENA;173.9;58.447;14.892
SMU i Mölltorp;Lerbro 3, Mölltorp;174.0;58.497;14.447
Vadstena scoutkår;Scoutgården, Vadstena;174.0;58.446;14.897
SMU i Askeby;Stämna, Askeby, Linghem;174.0;58.454;15.858
Hammarby Sjöscoutkår;GlasHusEtt Lugnets Allé 39, Stockholm;174.3;59.303;18.103
Norra Lidingö Sjöscoutkår;Sommarvillan, Bosön, Lidingö;174.6;59.382;18.183
Forsbrokyrkans Ungdom;Forsbrokyrkan, Forsbrovägen 4, Arbrå;174.9;61.475;16.381
Skäggetorp scoutkår;Stiglötsgatan 68, Linköping;175.0;58.426;15.572
Lidingö-Bodals sjöscoutkår;Gavelvägen 1, Lidingö;175.2;59.346;18.162
Kärrtorps scoutkår;Fyrskeppsvägen 55, Johanneshov;175.3;59.287;18.106
Linghems scoutkår;Tulpanvägen 2, Linghem;175.6;58.434;15.79
Kuddby scoutkår;Björksätter, Kuddby, Vikbolandet;175.6;58.528;16.47
Kärna scoutkår Linköping;Kärna Scoutgård / Kärna mosse, Linköping;175.9;58.416;15.529
Tidan scoutkår;Tallgården, Tidan;176.0;58.568;13.991
Nacka sjöscoutkår;Blomstervägen 54, Nacka;176.2;59.309;18.146
equmenia Linghemskyrkan;Linghemskyrkan, Himnavägen 151, Linghem;176.3;58.427;15.784
Salt Scout Ansgarskyrkan;Hjälmgatan 17, Linköping;176.5;58.414;15.6
Trosa scoutkår;Edanögård, Trosa;176.6;58.887;17.559
Bagarmossen Scoutkår;Bagarmossens skola (ingång på skolgården), Bagarmossen;176.9;59.279;18.13
Centrumkyrkans scoutkår;Farstaplan 15, Farsta;176.9;59.243;18.092
Österåkers scoutkår;Backsippevägen 7, Åkersberga;176.9;59.49;18.313
Baptistkyrkans Ungdom i Linköping;;177.1;58.409;15.623
Sköndals land- och sjöscoutkår;Bagarfruv. 55, Sköndal;177.2;59.257;18.114
Equmenia Linköping;Drottninggatan 22, Linköping;177.3;58.408;15.626
Valla scoutkår;Kryddbodtorget 6b, Gamla Linköping, Linköping;177.3;58.406;15.589
Borensbergs scoutkår;;177.4;58.408;15.646
Folkunga distriktskår;;177.4;58.408;15.646
Linköpings scoutkår;Linnégatan 2A, Linköping;177.4;58.407;15.628
S:t Lars scoutkår;S:t Larsgården, Linnégatan 2A, Linköping;177.4;58.407;15.629
Lidingö-Breviks sjöscoutkår;Saltsjövägen 50, Lidingö;177.7;59.342;18.208
SMU i Skänninge;Järntorgsgatan 6, Skänninge;178.3;58.396;15.086
S:t Drottens scoutkår;Alboga, Söderköping;179.2;58.465;16.316
SMU i Linköping - Lambohov;Tröskaregatan 41, Linköping;179.3;58.387;15.566
Berga scoutkår;Pionjärgatan 37, Linköping;179.5;58.388;15.635
Vikingstad scoutkår;Västergården, Mimergatan 24, Vikingstad;179.7;58.38;15.438
Johannelunds scoutkår;Vivelvägen 8, Linköping;179.8;58.387;15.663
SMU i Nacka;Värmdövägen 622, Saltsjö-Boo;180.3;59.315;18.232
NSF Scoutkår Linköping;BK Kenty lokaler mellan Ekholmsskolan och Fredriksbergsskolan, Linköping;180.6;58.38;15.67
Nacka-Boo Scoutkår;Sjöstugan, Tollare Folkhögskola, Saltsjö-Boo;180.6;59.303;18.228
Saltsjö-Boo scoutkår;Nämdöstigen 21, Saltsjö-Boo;180.7;59.329;18.254
Waxholms scoutkår;Björkstigen 7, Vaxholm;181.0;59.406;18.327
Älta scoutkår;Alpvägen 90, Älta;181.1;59.252;18.185
Svanskog SMU Scout;John Bryntessonsväg 3, Svanskog;181.1;59.18;12.55
Hanekinds scoutkår;Kyrkliden, Gamla Kalmarvägen 2, Linköping;181.3;58.369;15.557
Landeryds scoutkår;Tallholmsvägen 62, Linköping;181.6;58.373;15.706
SMU i Järnskog;Beted, Koppom;181.7;59.68;12.148
Åmåls scoutkår;Örnäskogen, Åmål;181.8;59.043;12.716
Lohärads scoutkår;Lohärads kyrka, Lohärad;182.0;59.807;18.559
Tungelsta scoutkår;Skolvägen 8, Tungelsta;182.5;59.109;18.046
Hallstaviks scoutkår;Centrala Hallstavik, Hallstavik;182.5;60.052;18.599
Husarö Scoutgård;Husarö, Vaxholm;182.5;59.402;18.352
Fisksätra scoutkår;Harrgatan 16, Saltsjöbaden;182.5;59.292;18.254
equmenia (SMU) Mantorp;Riksvägen 18, Mantorp;182.7;58.352;15.288
Trollbäckens scoutkår;Fornuddsvägen 63, Tyresö;183.2;59.219;18.192
Ösmo scoutkår;Sjöudden 1, Ösmo;183.2;58.994;17.899
Handens scoutkår;Rudanvägen 35, Handen / Jordbro;183.4;59.16;18.129
Väring scoutkår;Scoutstugan, Truvet, Väring;183.8;58.495;13.973
Saltsjöbadens sjöscoutkår;Box 146, Saltsjöbaden;183.9;59.285;18.274
Hammarbyhöjden KFUK-KFUM;Gläntan, Häroldsvägen 14, Saltsjöbaden;184.1;59.3;18.293
Vifolka scoutkår;Spångsholm, Vetavallsvägen 15, Mantorp;184.7;58.335;15.227
Västerhaninge sjöscoutkår;Nynäsvägen 3 Ribbyskolan, Västerhaninge;184.8;59.12;18.109
Forshems scoutkår;Forsvägen, Forshem;185.2;58.62;13.492
Vendelsö scoutkår;Tyrestavägen 44, Vendelsö;185.2;59.175;18.184
Vist scoutkår;Sturefors Björksholmen, Sturefors;185.5;58.339;15.723
Krusboda scoutkår;Prästgårdvägen 27, Tyresö;185.6;59.23;18.253
Timmersdala scoutkår;Motionsspåret i Timmersdala, Timmersdala;185.7;58.533;13.751
Andreasförsamlingens Ungdom;Bockarpsvägen 20, Mjölby;186.0;58.325;15.139
Mjölby scoutkår;Grönegatan 32, Mjölby;187.1;58.315;15.136
SMU i Tibro;Villagatan 31, Tibro;187.4;58.42;14.16
SMU i Gustavsberg;Skärgårdsvägen 14, Värmdö;188.2;59.323;18.394
Bölan Scoutkår;Scoutlokalen Lindefallet, Enånger;188.6;61.488;16.944
Björsäters scoutkår;Björsäters Församlingshem, Åtvidaberg;188.7;58.336;16.02
Equmenia Skeda Scout;Skeda Missionskyrka, Ingebo Salem, Linköping;189.4;58.296;15.55
Vässarö scoutkår;Vässarö, Gräsö;189.5;60.255;18.697
Norrtälje sjöscoutkår;Mosebackegatan 7, Norrtälje;190.6;59.761;18.701
Scoutkåren Frälsningsarmén Norrtälje;Tillfällegatan 2, Norrtälje;190.9;59.756;18.705
Grebo scoutkår;Klockarängen, Grebo, Linköping;191.4;58.296;15.866
Equmenia Kållandsö;Kållandsö Missionskyrka, Lidköping;191.6;58.663;13.192
SMU i Årjäng;Sveavägen 43, Årjäng;191.6;59.392;12.139
Värmdö sjöscoutkår;Skärgårdsvägen 192, Värmdö;191.9;59.313;18.456
Ingarö Sjöscoutkår;Mörtviksvägen 4-7, Brunn;191.9;59.28;18.426
Nynäshamns scoutkår;Hamnviksvägen 9, Nynäshamn;192.0;58.896;17.94
Norrtälje-Malsta scoutkår;Grindvägen 9, Norrtälje;192.0;59.768;18.728
Nykil-Hulta Scoutkår;Smacka Betlehem, Nykil;192.6;58.267;15.552
Ägnö Sjöscoutkår;Ägnö, Tyresö;192.8;59.24;18.405
Ryds scoutkår Skövde;Barkvägen, Skövde;193.0;58.428;13.875
SMU i Götene;Borgargatan 2, Götene;194.0;58.527;13.49
Götene scoutkår;Bölaholm, Götene;196.4;58.512;13.457
Vårdnäs scoutkår;Vårdnäs;196.7;58.236;15.695
SMU i Värsås;Djursätravägen 17, Värsås;197.3;58.347;14.05
Ärrsjöblomman KFUK-KFUM scoutk;Fröskogs stom 210, Fengersfors, Åmål;197.4;58.981;12.466
SMU i Hjo;Torggatan 3, Hjo;197.7;58.3;14.286
SMU i Holmedal;Holmedal, Årjäng;197.9;59.489;11.953
Equmenia scouter Skövde;Kungsgatan 17, Skövde;197.9;58.387;13.843
Scoutkåren Frälsningsarmén Skövde;Skolgatan 19, Skövde;198.1;58.386;13.841
Dalarö sjöscoutkår;Linnevägen 10, Dalarö;198.4;59.144;18.414
SMU i Ödeshög;Högmobergsgatan 7, Ödeshög;199.9;58.231;14.659
